event_group,semantic_target,count
lora_gain,anatomy_structure_identification,2
lora_gain,anatomy_visibility_normality,2
lora_gain,context_demographic_device,2
lora_gain,diagnosis_condition,3
lora_gain,finding_presence_absence,17
lora_gain,localization_laterality,6
lora_gain,modality_plane_sequence,3
lora_gain,morphology_size_attribute,7
lora_loss,anatomy_structure_identification,1
lora_loss,anatomy_visibility_normality,1
lora_loss,context_demographic_device,1
lora_loss,finding_presence_absence,2
lora_loss,localization_laterality,8
lora_loss,morphology_size_attribute,5
vt256_loss,anatomy_structure_identification,1
vt256_loss,anatomy_visibility_normality,4
vt256_loss,finding_presence_absence,6
vt256_loss,modality_plane_sequence,1
vt256_loss,morphology_size_attribute,8
